motif_id	motif_alt_id	sequence_name	start	stop	strand	score	p-value	q-value	matched_sequence
GTVLSDIIQKYFF	motif_104	Nav1.5	1607	1619	+	46.2212	7.35e-16	3.08e-12	GTVLSDIIQKYFF
GLALSDLIQKYFF	motif_101	Nav1.5	1607	1619	+	25.0265	5.05e-10	2.1e-06	GTVLSDIIQKYFF
VNILAKI	motif_106	Nav1.5	1559	1565	+	25.1417	3.69e-09	1.55e-05	VNILAKI
LSDIIQ	motif_105	MYL2	66	71	+	19.3871	5.58e-08	0.000235	IDEMIK
LSSLIQ	motif_103	MYL2	66	71	+	19.0484	1.33e-07	0.000562	IDEMIK
FKVGHGLAC	motif_100	MYBPC	615	623	+	15.9806	5.24e-07	0.00218	SFVPEGFAC
GLALSDLIQKYFF	motif_101	MYBPC	532	544	+	8.43363	1.97e-06	0.0041	GQALAELIVQEKK
LSDIIQ	motif_105	Nav1.5	1610	1615	+	16.7177	2.03e-06	0.00429	LSDIIQ
GTVLSDIIQKYFF	motif_104	MYBPC	532	544	+	4.0885	7e-06	0.0147	GQALAELIVQEKK
LSDLIQ	motif_102	Nav1.5	1610	1615	+	13.4274	7.35e-06	0.031	LSDIIQ
GLALSDLIQKYFF	motif_101	MYL2	63	75	+	1.15929	3.38e-05	0.047	NEEIDEMIKEAPG
LSSLIQ	motif_103	MYBPC	535	540	+	11.4274	4.35e-05	0.0917	LAELIV
LSDLIQ	motif_102	MYBPC	535	540	+	10.4444	6.38e-05	0.129	LAELIV
GLALSDLIQKYFF	motif_101	MYBPC	400	412	+	-2.27434	6.78e-05	0.0706	GQEIQMSGSKYIF
GTVLSDIIQKYFF	motif_104	MYBPC	400	412	+	-2.26549	7.84e-05	0.109	GQEIQMSGSKYIF
LSDLIQ	motif_102	MYBPC	822	827	+	7.89744	9.2e-05	0.129	NFDLIQ

# FIMO (Find Individual Motif Occurrences): Version 5.5.9 compiled on Nov 24 2025 at 04:06:59
# The format of this file is described at https://meme-suite.org/meme/doc/fimo-output-format.html#tsv_results.
# fimo --oc results/meme/fimo_flex results/meme/flexible.meme data/raw/sequences.fasta
